,OMRÅDE,TID,SUNDHEDSUDGIFTER
0,Hele landet,2008,2659
1,København,2008,2737
2,Frederiksberg,2008,3148
3,Ballerup,2008,3210
4,Brøndby,2008,3168
5,Dragør,2008,2384
6,Gentofte,2008,2521
7,Gladsaxe,2008,2722
8,Glostrup,2008,3048
9,Herlev,2008,3319
10,Albertslund,2008,2598
11,Hvidovre,2008,2977
12,Høje-Taastrup,2008,2739
13,Lyngby-Taarbæk,2008,3398
14,Rødovre,2008,3034
15,Ishøj,2008,3105
16,Tårnby,2008,2553
17,Vallensbæk,2008,2504
18,Furesø,2008,2507
19,Allerød,2008,2618
20,Fredensborg,2008,2843
21,Helsingør,2008,3035
22,Hillerød,2008,2781
23,Hørsholm,2008,2540
24,Rudersdal,2008,2798
25,Egedal,2008,2591
26,Frederikssund,2008,2695
27,Greve,2008,2601
28,Køge,2008,2668
29,Halsnæs,2008,3111
30,Roskilde,2008,2895
31,Solrød,2008,2618
32,Gribskov,2008,2676
33,Odsherred,2008,2708
34,Holbæk,2008,2447
35,Faxe,2008,2545
36,Kalundborg,2008,2383
37,Ringsted,2008,2565
38,Slagelse,2008,2638
39,Stevns,2008,2886
40,Sorø,2008,2393
41,Lejre,2008,2581
42,Lolland,2008,2910
43,Næstved,2008,2467
44,Guldborgsund,2008,2680
45,Vordingborg,2008,2492
46,Bornholm,2008,2649
47,Middelfart,2008,2385
48,Assens,2008,2469
49,Faaborg-Midtfyn,2008,2544
50,Kerteminde,2008,2416
51,Nyborg,2008,2590
52,Odense,2008,2834
53,Svendborg,2008,2436
54,Nordfyns,2008,2709
55,Langeland,2008,2773
56,Ærø,2008,3078
57,Haderslev,2008,2899
58,Billund,2008,2870
59,Sønderborg,2008,2754
60,Tønder,2008,2592
61,Esbjerg,2008,2762
62,Fanø,2008,2748
63,Varde,2008,2652
64,Vejen,2008,2461
65,Aabenraa,2008,2635
66,Fredericia,2008,2653
67,Horsens,2008,2775
68,Kolding,2008,2721
69,Vejle,2008,2569
70,Herning,2008,2404
71,Holstebro,2008,2746
72,Lemvig,2008,2472
73,Struer,2008,2561
74,Syddjurs,2008,3021
75,Norddjurs,2008,3008
76,Favrskov,2008,2329
77,Odder,2008,2329
78,Randers,2008,2475
79,Silkeborg,2008,2601
80,Samsø,2008,3042
81,Skanderborg,2008,2384
82,Aarhus,2008,2394
83,Ikast-Brande,2008,2382
84,Ringkøbing-Skjern,2008,2482
85,Hedensted,2008,2453
86,Morsø,2008,2749
87,Skive,2008,2464
88,Thisted,2008,2501
89,Viborg,2008,2644
90,Brønderslev,2008,2508
91,Frederikshavn,2008,2599
92,Vesthimmerlands,2008,2577
93,Læsø,2008,2318
94,Rebild,2008,2518
95,Mariagerfjord,2008,2537
96,Jammerbugt,2008,2529
97,Aalborg,2008,2393
98,Hjørring,2008,2707
99,Hele landet,2009,3028
100,København,2009,3111
101,Frederiksberg,2009,3329
102,Ballerup,2009,3678
103,Brøndby,2009,3566
104,Dragør,2009,2619
105,Gentofte,2009,2829
106,Gladsaxe,2009,3264
107,Glostrup,2009,3471
108,Herlev,2009,3687
109,Albertslund,2009,3114
110,Hvidovre,2009,3345
111,Høje-Taastrup,2009,3154
112,Lyngby-Taarbæk,2009,3865
113,Rødovre,2009,3356
114,Ishøj,2009,3372
115,Tårnby,2009,3041
116,Vallensbæk,2009,3091
117,Furesø,2009,2793
118,Allerød,2009,2962
119,Fredensborg,2009,3036
120,Helsingør,2009,3491
121,Hillerød,2009,3151
122,Hørsholm,2009,2945
123,Rudersdal,2009,3076
124,Egedal,2009,2937
125,Frederikssund,2009,3095
126,Greve,2009,2779
127,Køge,2009,2799
128,Halsnæs,2009,3541
129,Roskilde,2009,3126
130,Solrød,2009,2691
131,Gribskov,2009,3051
132,Odsherred,2009,3093
133,Holbæk,2009,2744
134,Faxe,2009,2900
135,Kalundborg,2009,2772
136,Ringsted,2009,2996
137,Slagelse,2009,2952
138,Stevns,2009,3099
139,Sorø,2009,2808
140,Lejre,2009,2864
141,Lolland,2009,3551
142,Næstved,2009,2886
143,Guldborgsund,2009,3146
144,Vordingborg,2009,2962
145,Bornholm,2009,3059
146,Middelfart,2009,2758
147,Assens,2009,2924
148,Faaborg-Midtfyn,2009,3105
149,Kerteminde,2009,2770
150,Nyborg,2009,2942
151,Odense,2009,3183
152,Svendborg,2009,2860
153,Nordfyns,2009,3071
154,Langeland,2009,3364
155,Ærø,2009,3223
156,Haderslev,2009,3125
157,Billund,2009,3169
158,Sønderborg,2009,3094
159,Tønder,2009,3193
160,Esbjerg,2009,3124
161,Fanø,2009,3311
162,Varde,2009,3021
163,Vejen,2009,2842
164,Aabenraa,2009,3074
165,Fredericia,2009,3232
166,Horsens,2009,3075
167,Kolding,2009,3095
168,Vejle,2009,2840
169,Herning,2009,2606
170,Holstebro,2009,3193
171,Lemvig,2009,2944
172,Struer,2009,2958
173,Syddjurs,2009,3431
174,Norddjurs,2009,3594
175,Favrskov,2009,2695
176,Odder,2009,2649
177,Randers,2009,2754
178,Silkeborg,2009,3034
179,Samsø,2009,3547
180,Skanderborg,2009,2676
181,Aarhus,2009,2706
182,Ikast-Brande,2009,2625
183,Ringkøbing-Skjern,2009,2897
184,Hedensted,2009,2777
185,Morsø,2009,2944
186,Skive,2009,3054
187,Thisted,2009,3014
188,Viborg,2009,2944
189,Brønderslev,2009,2769
190,Frederikshavn,2009,3210
191,Vesthimmerlands,2009,3073
192,Læsø,2009,2646
193,Rebild,2009,2978
194,Mariagerfjord,2009,2775
195,Jammerbugt,2009,2992
196,Aalborg,2009,2823
197,Hjørring,2009,3084
198,Hele landet,2010,3173
199,København,2010,3326
200,Frederiksberg,2010,3371
201,Ballerup,2010,3815
202,Brøndby,2010,3765
203,Dragør,2010,2981
204,Gentofte,2010,2964
205,Gladsaxe,2010,3357
206,Glostrup,2010,3659
207,Herlev,2010,4040
208,Albertslund,2010,3373
209,Hvidovre,2010,3515
210,Høje-Taastrup,2010,3406
211,Lyngby-Taarbæk,2010,3560
212,Rødovre,2010,3572
213,Ishøj,2010,3742
214,Tårnby,2010,3209
215,Vallensbæk,2010,3209
216,Furesø,2010,3029
217,Allerød,2010,2988
218,Fredensborg,2010,3239
219,Helsingør,2010,3648
220,Hillerød,2010,3275
221,Hørsholm,2010,3148
222,Rudersdal,2010,3482
223,Egedal,2010,3165
224,Frederikssund,2010,3249
225,Greve,2010,3045
226,Køge,2010,3137
227,Halsnæs,2010,3692
228,Roskilde,2010,3114
229,Solrød,2010,2964
230,Gribskov,2010,3390
231,Odsherred,2010,3336
232,Holbæk,2010,2948
233,Faxe,2010,3094
234,Kalundborg,2010,2949
235,Ringsted,2010,3038
236,Slagelse,2010,3059
237,Stevns,2010,3311
238,Sorø,2010,2879
239,Lejre,2010,3108
240,Lolland,2010,3752
241,Næstved,2010,3142
242,Guldborgsund,2010,3364
243,Vordingborg,2010,3241
244,Bornholm,2010,3299
245,Middelfart,2010,2996
246,Assens,2010,2964
247,Faaborg-Midtfyn,2010,3172
248,Kerteminde,2010,2899
249,Nyborg,2010,3070
250,Odense,2010,3201
251,Svendborg,2010,3048
252,Nordfyns,2010,3188
253,Langeland,2010,3602
254,Ærø,2010,3442
255,Haderslev,2010,3307
256,Billund,2010,3393
257,Sønderborg,2010,3318
258,Tønder,2010,3321
259,Esbjerg,2010,3294
260,Fanø,2010,3783
261,Varde,2010,3181
262,Vejen,2010,2943
263,Aabenraa,2010,3309
264,Fredericia,2010,3458
265,Horsens,2010,3280
266,Kolding,2010,3152
267,Vejle,2010,2974
268,Herning,2010,2756
269,Holstebro,2010,3305
270,Lemvig,2010,3089
271,Struer,2010,3029
272,Syddjurs,2010,3448
273,Norddjurs,2010,3556
274,Favrskov,2010,2910
275,Odder,2010,2718
276,Randers,2010,2887
277,Silkeborg,2010,3166
278,Samsø,2010,4264
279,Skanderborg,2010,2800
280,Aarhus,2010,2793
281,Ikast-Brande,2010,2830
282,Ringkøbing-Skjern,2010,3002
283,Hedensted,2010,2912
284,Morsø,2010,3067
285,Skive,2010,3121
286,Thisted,2010,3018
287,Viborg,2010,3174
288,Brønderslev,2010,2898
289,Frederikshavn,2010,3193
290,Vesthimmerlands,2010,3125
291,Læsø,2010,2539
292,Rebild,2010,2912
293,Mariagerfjord,2010,2917
294,Jammerbugt,2010,3023
295,Aalborg,2010,2856
296,Hjørring,2010,3088
297,Hele landet,2011,3195
298,København,2011,3275
299,Frederiksberg,2011,3229
300,Ballerup,2011,3847
301,Brøndby,2011,3852
302,Dragør,2011,3108
303,Gentofte,2011,3442
304,Gladsaxe,2011,3374
305,Glostrup,2011,3727
306,Herlev,2011,4052
307,Albertslund,2011,3494
308,Hvidovre,2011,3421
309,Høje-Taastrup,2011,3382
310,Lyngby-Taarbæk,2011,3449
311,Rødovre,2011,3543
312,Ishøj,2011,3631
313,Tårnby,2011,3235
314,Vallensbæk,2011,3265
315,Furesø,2011,2972
316,Allerød,2011,3037
317,Fredensborg,2011,3145
318,Helsingør,2011,3541
319,Hillerød,2011,3298
320,Hørsholm,2011,3051
321,Rudersdal,2011,3417
322,Egedal,2011,3114
323,Frederikssund,2011,3259
324,Greve,2011,3061
325,Køge,2011,3092
326,Halsnæs,2011,3793
327,Roskilde,2011,3054
328,Solrød,2011,2924
329,Gribskov,2011,3462
330,Odsherred,2011,3356
331,Holbæk,2011,2904
332,Faxe,2011,3069
333,Kalundborg,2011,2984
334,Ringsted,2011,3106
335,Slagelse,2011,3117
336,Stevns,2011,3382
337,Sorø,2011,2991
338,Lejre,2011,3061
339,Lolland,2011,3866
340,Næstved,2011,3112
341,Guldborgsund,2011,3510
342,Vordingborg,2011,3284
343,Bornholm,2011,3399
344,Middelfart,2011,3212
345,Assens,2011,3055
346,Faaborg-Midtfyn,2011,3315
347,Kerteminde,2011,2921
348,Nyborg,2011,3180
349,Odense,2011,3211
350,Svendborg,2011,3148
351,Nordfyns,2011,3284
352,Langeland,2011,3668
353,Ærø,2011,3402
354,Haderslev,2011,3374
355,Billund,2011,3463
356,Sønderborg,2011,3404
357,Tønder,2011,3431
358,Esbjerg,2011,3352
359,Fanø,2011,3850
360,Varde,2011,3185
361,Vejen,2011,3053
362,Aabenraa,2011,3424
363,Fredericia,2011,3489
364,Horsens,2011,3245
365,Kolding,2011,3208
366,Vejle,2011,2939
367,Herning,2011,2675
368,Holstebro,2011,3324
369,Lemvig,2011,2990
370,Struer,2011,3153
371,Syddjurs,2011,3465
372,Norddjurs,2011,3538
373,Favrskov,2011,2862
374,Odder,2011,2805
375,Randers,2011,2948
376,Silkeborg,2011,3135
377,Samsø,2011,3788
378,Skanderborg,2011,3152
379,Aarhus,2011,2701
380,Ikast-Brande,2011,2804
381,Ringkøbing-Skjern,2011,2925
382,Hedensted,2011,2972
383,Morsø,2011,3091
384,Skive,2011,3061
385,Thisted,2011,3161
386,Viborg,2011,3088
387,Brønderslev,2011,3084
388,Frederikshavn,2011,3269
389,Vesthimmerlands,2011,3247
390,Læsø,2011,2767
391,Rebild,2011,2911
392,Mariagerfjord,2011,3118
393,Jammerbugt,2011,3079
394,Aalborg,2011,2965
395,Hjørring,2011,3495
396,Hele landet,2012,4599
397,København,2012,4589
398,Frederiksberg,2012,4655
399,Ballerup,2012,5487
400,Brøndby,2012,5488
401,Dragør,2012,4398
402,Gentofte,2012,4820
403,Gladsaxe,2012,5097
404,Glostrup,2012,5497
405,Herlev,2012,5585
406,Albertslund,2012,4960
407,Hvidovre,2012,5072
408,Høje-Taastrup,2012,4842
409,Lyngby-Taarbæk,2012,5444
410,Rødovre,2012,5134
411,Ishøj,2012,5134
412,Tårnby,2012,4937
413,Vallensbæk,2012,4554
414,Furesø,2012,4342
415,Allerød,2012,4358
416,Fredensborg,2012,4566
417,Helsingør,2012,5084
418,Hillerød,2012,4720
419,Hørsholm,2012,4584
420,Rudersdal,2012,4825
421,Egedal,2012,4350
422,Frederikssund,2012,4839
423,Greve,2012,4232
424,Køge,2012,4427
425,Halsnæs,2012,5416
426,Roskilde,2012,4255
427,Solrød,2012,4095
428,Gribskov,2012,4820
429,Odsherred,2012,5059
430,Holbæk,2012,4265
431,Faxe,2012,4465
432,Kalundborg,2012,4522
433,Ringsted,2012,4543
434,Slagelse,2012,4763
435,Stevns,2012,4557
436,Sorø,2012,4447
437,Lejre,2012,4390
438,Lolland,2012,5723
439,Næstved,2012,4712
440,Guldborgsund,2012,5117
441,Vordingborg,2012,4873
442,Bornholm,2012,5004
443,Middelfart,2012,4405
444,Assens,2012,4630
445,Faaborg-Midtfyn,2012,4655
446,Kerteminde,2012,4551
447,Nyborg,2012,4669
448,Odense,2012,4591
449,Svendborg,2012,4761
450,Nordfyns,2012,4643
451,Langeland,2012,5566
452,Ærø,2012,4691
453,Haderslev,2012,4758
454,Billund,2012,4881
455,Sønderborg,2012,4876
456,Tønder,2012,4903
457,Esbjerg,2012,4748
458,Fanø,2012,5539
459,Varde,2012,4488
460,Vejen,2012,4293
461,Aabenraa,2012,4916
462,Fredericia,2012,5004
463,Horsens,2012,4603
464,Kolding,2012,4718
465,Vejle,2012,4224
466,Herning,2012,4116
467,Holstebro,2012,4587
468,Lemvig,2012,4209
469,Struer,2012,4611
470,Syddjurs,2012,4848
471,Norddjurs,2012,4927
472,Favrskov,2012,4147
473,Odder,2012,3967
474,Randers,2012,4817
475,Silkeborg,2012,4531
476,Samsø,2012,5269
477,Skanderborg,2012,4014
478,Aarhus,2012,4054
479,Ikast-Brande,2012,4099
480,Ringkøbing-Skjern,2012,4210
481,Hedensted,2012,4285
482,Morsø,2012,4474
483,Skive,2012,4482
484,Thisted,2012,4445
485,Viborg,2012,4430
486,Brønderslev,2012,4177
487,Frederikshavn,2012,4563
488,Vesthimmerlands,2012,4787
489,Læsø,2012,4648
490,Rebild,2012,4079
491,Mariagerfjord,2012,4379
492,Jammerbugt,2012,4373
493,Aalborg,2012,4062
494,Hjørring,2012,4662
495,Hele landet,2013,4759
496,København,2013,4739
497,Frederiksberg,2013,4840
498,Ballerup,2013,5588
499,Brøndby,2013,5750
500,Dragør,2013,4791
501,Gentofte,2013,4896
502,Gladsaxe,2013,5472
503,Glostrup,2013,5721
504,Herlev,2013,5676
505,Albertslund,2013,5139
506,Hvidovre,2013,5217
507,Høje-Taastrup,2013,4978
508,Lyngby-Taarbæk,2013,5097
509,Rødovre,2013,5411
510,Ishøj,2013,5400
511,Tårnby,2013,5131
512,Vallensbæk,2013,5093
513,Furesø,2013,4599
514,Allerød,2013,4584
515,Fredensborg,2013,4717
516,Helsingør,2013,5327
517,Hillerød,2013,4896
518,Hørsholm,2013,4674
519,Rudersdal,2013,4987
520,Egedal,2013,4624
521,Frederikssund,2013,5142
522,Greve,2013,4431
523,Køge,2013,4570
524,Halsnæs,2013,5764
525,Roskilde,2013,4584
526,Solrød,2013,4370
527,Gribskov,2013,5191
528,Odsherred,2013,5317
529,Holbæk,2013,4653
530,Faxe,2013,4805
531,Kalundborg,2013,4722
532,Ringsted,2013,4830
533,Slagelse,2013,5001
534,Stevns,2013,4681
535,Sorø,2013,4725
536,Lejre,2013,4721
537,Lolland,2013,5864
538,Næstved,2013,4971
539,Guldborgsund,2013,5379
540,Vordingborg,2013,5150
541,Bornholm,2013,5333
542,Middelfart,2013,4586
543,Assens,2013,4665
544,Faaborg-Midtfyn,2013,5070
545,Kerteminde,2013,4726
546,Nyborg,2013,4729
547,Odense,2013,4561
548,Svendborg,2013,4830
549,Nordfyns,2013,4852
550,Langeland,2013,5587
551,Ærø,2013,5098
552,Haderslev,2013,4926
553,Billund,2013,4655
554,Sønderborg,2013,5176
555,Tønder,2013,4918
556,Esbjerg,2013,4873
557,Fanø,2013,5761
558,Varde,2013,4697
559,Vejen,2013,4569
560,Aabenraa,2013,5141
561,Fredericia,2013,5157
562,Horsens,2013,4811
563,Kolding,2013,4812
564,Vejle,2013,4275
565,Herning,2013,4308
566,Holstebro,2013,4846
567,Lemvig,2013,4742
568,Struer,2013,4920
569,Syddjurs,2013,5151
570,Norddjurs,2013,4991
571,Favrskov,2013,4179
572,Odder,2013,4241
573,Randers,2013,4890
574,Silkeborg,2013,4653
575,Samsø,2013,5099
576,Skanderborg,2013,4303
577,Aarhus,2013,4091
578,Ikast-Brande,2013,4382
579,Ringkøbing-Skjern,2013,4489
580,Hedensted,2013,4282
581,Morsø,2013,4733
582,Skive,2013,4692
583,Thisted,2013,4601
584,Viborg,2013,4631
585,Brønderslev,2013,4271
586,Frederikshavn,2013,4810
587,Vesthimmerlands,2013,4573
588,Læsø,2013,5080
589,Rebild,2013,4291
590,Mariagerfjord,2013,4499
591,Jammerbugt,2013,4498
592,Aalborg,2013,4084
593,Hjørring,2013,4685
594,Hele landet,2014,4853
595,København,2014,4776
596,Frederiksberg,2014,4870
597,Ballerup,2014,5955
598,Brøndby,2014,5799
599,Dragør,2014,4984
600,Gentofte,2014,4959
601,Gladsaxe,2014,5555
602,Glostrup,2014,5900
603,Herlev,2014,5319
604,Albertslund,2014,5122
605,Hvidovre,2014,5525
606,Høje-Taastrup,2014,5161
607,Lyngby-Taarbæk,2014,5207
608,Rødovre,2014,5621
609,Ishøj,2014,5700
610,Tårnby,2014,5287
611,Vallensbæk,2014,5353
612,Furesø,2014,4934
613,Allerød,2014,4757
614,Fredensborg,2014,4921
615,Helsingør,2014,5561
616,Hillerød,2014,5070
617,Hørsholm,2014,4610
618,Rudersdal,2014,5237
619,Egedal,2014,5027
620,Frederikssund,2014,5397
621,Greve,2014,4504
622,Køge,2014,4403
623,Halsnæs,2014,5896
624,Roskilde,2014,4590
625,Solrød,2014,4526
626,Gribskov,2014,5305
627,Odsherred,2014,5269
628,Holbæk,2014,4868
629,Faxe,2014,4852
630,Kalundborg,2014,4822
631,Ringsted,2014,4805
632,Slagelse,2014,5127
633,Stevns,2014,4825
634,Sorø,2014,4958
635,Lejre,2014,4945
636,Lolland,2014,5956
637,Næstved,2014,4994
638,Guldborgsund,2014,5271
639,Vordingborg,2014,5335
640,Bornholm,2014,5358
641,Middelfart,2014,4838
642,Assens,2014,4837
643,Faaborg-Midtfyn,2014,5018
644,Kerteminde,2014,4749
645,Nyborg,2014,5017
646,Odense,2014,4644
647,Svendborg,2014,4870
648,Nordfyns,2014,4998
649,Langeland,2014,5696
650,Ærø,2014,4943
651,Haderslev,2014,4925
652,Billund,2014,4681
653,Sønderborg,2014,5230
654,Tønder,2014,5133
655,Esbjerg,2014,4978
656,Fanø,2014,5441
657,Varde,2014,4862
658,Vejen,2014,4761
659,Aabenraa,2014,5188
660,Fredericia,2014,5229
661,Horsens,2014,4907
662,Kolding,2014,4885
663,Vejle,2014,4547
664,Herning,2014,4286
665,Holstebro,2014,4876
666,Lemvig,2014,4740
667,Struer,2014,4796
668,Syddjurs,2014,5138
669,Norddjurs,2014,5275
670,Favrskov,2014,4398
671,Odder,2014,4428
672,Randers,2014,5046
673,Silkeborg,2014,4844
674,Samsø,2014,4785
675,Skanderborg,2014,4342
676,Aarhus,2014,4167
677,Ikast-Brande,2014,4452
678,Ringkøbing-Skjern,2014,4485
679,Hedensted,2014,4391
680,Morsø,2014,4971
681,Skive,2014,4785
682,Thisted,2014,4790
683,Viborg,2014,4673
684,Brønderslev,2014,4321
685,Frederikshavn,2014,4786
686,Vesthimmerlands,2014,4781
687,Læsø,2014,4680
688,Rebild,2014,4494
689,Mariagerfjord,2014,4510
690,Jammerbugt,2014,4517
691,Aalborg,2014,4156
692,Hjørring,2014,4720
693,Hele landet,2015,4860
694,København,2015,4748
695,Frederiksberg,2015,4958
696,Ballerup,2015,5838
697,Brøndby,2015,5867
698,Dragør,2015,5167
699,Gentofte,2015,4917
700,Gladsaxe,2015,5729
701,Glostrup,2015,5440
702,Herlev,2015,5985
703,Albertslund,2015,5721
704,Hvidovre,2015,5245
705,Høje-Taastrup,2015,5135
706,Lyngby-Taarbæk,2015,5061
707,Rødovre,2015,5595
708,Ishøj,2015,6037
709,Tårnby,2015,5182
710,Vallensbæk,2015,4947
711,Furesø,2015,4892
712,Allerød,2015,4654
713,Fredensborg,2015,4970
714,Helsingør,2015,5473
715,Hillerød,2015,4972
716,Hørsholm,2015,4555
717,Rudersdal,2015,5120
718,Egedal,2015,4849
719,Frederikssund,2015,5364
720,Greve,2015,4525
721,Køge,2015,4796
722,Halsnæs,2015,5930
723,Roskilde,2015,4665
724,Solrød,2015,4497
725,Gribskov,2015,5093
726,Odsherred,2015,5351
727,Holbæk,2015,5005
728,Faxe,2015,5042
729,Kalundborg,2015,4811
730,Ringsted,2015,5016
731,Slagelse,2015,5192
732,Stevns,2015,4923
733,Sorø,2015,5058
734,Lejre,2015,4747
735,Lolland,2015,6195
736,Næstved,2015,5134
737,Guldborgsund,2015,5453
738,Vordingborg,2015,5236
739,Bornholm,2015,5406
740,Middelfart,2015,4739
741,Assens,2015,4804
742,Faaborg-Midtfyn,2015,5033
743,Kerteminde,2015,4752
744,Nyborg,2015,4901
745,Odense,2015,4533
746,Svendborg,2015,4754
747,Nordfyns,2015,5019
748,Langeland,2015,5980
749,Ærø,2015,5075
750,Haderslev,2015,4891
751,Billund,2015,4688
752,Sønderborg,2015,5181
753,Tønder,2015,5190
754,Esbjerg,2015,4843
755,Fanø,2015,5706
756,Varde,2015,4840
757,Vejen,2015,4724
758,Aabenraa,2015,5212
759,Fredericia,2015,5104
760,Horsens,2015,4810
761,Kolding,2015,4778
762,Vejle,2015,4481
763,Herning,2015,4353
764,Holstebro,2015,4858
765,Lemvig,2015,5017
766,Struer,2015,5094
767,Syddjurs,2015,5299
768,Norddjurs,2015,5365
769,Favrskov,2015,4491
770,Odder,2015,4449
771,Randers,2015,4905
772,Silkeborg,2015,4849
773,Samsø,2015,4909
774,Skanderborg,2015,4397
775,Aarhus,2015,4209
776,Ikast-Brande,2015,4368
777,Ringkøbing-Skjern,2015,4633
778,Hedensted,2015,4389
779,Morsø,2015,5055
780,Skive,2015,4891
781,Thisted,2015,4826
782,Viborg,2015,4877
783,Brønderslev,2015,4392
784,Frederikshavn,2015,4825
785,Vesthimmerlands,2015,4634
786,Læsø,2015,4242
787,Rebild,2015,4538
788,Mariagerfjord,2015,4397
789,Jammerbugt,2015,4588
790,Aalborg,2015,4154
791,Hjørring,2015,4822
792,Hele landet,2016,4833
793,København,2016,4595
794,Frederiksberg,2016,4776
795,Ballerup,2016,6240
796,Brøndby,2016,5903
797,Dragør,2016,5057
798,Gentofte,2016,4530
799,Gladsaxe,2016,5170
800,Glostrup,2016,5747
801,Herlev,2016,5341
802,Albertslund,2016,5297
803,Hvidovre,2016,5339
804,Høje-Taastrup,2016,5531
805,Lyngby-Taarbæk,2016,4677
806,Rødovre,2016,5435
807,Ishøj,2016,5827
808,Tårnby,2016,5135
809,Vallensbæk,2016,4733
810,Furesø,2016,4648
811,Allerød,2016,4472
812,Fredensborg,2016,4926
813,Helsingør,2016,5385
814,Hillerød,2016,5015
815,Hørsholm,2016,4423
816,Rudersdal,2016,4777
817,Egedal,2016,4438
818,Frederikssund,2016,5301
819,Greve,2016,4516
820,Køge,2016,4570
821,Halsnæs,2016,5961
822,Roskilde,2016,4746
823,Solrød,2016,4461
824,Gribskov,2016,5413
825,Odsherred,2016,5349
826,Holbæk,2016,4820
827,Faxe,2016,4962
828,Kalundborg,2016,4787
829,Ringsted,2016,5008
830,Slagelse,2016,5108
831,Stevns,2016,4855
832,Sorø,2016,4964
833,Lejre,2016,4639
834,Lolland,2016,6185
835,Næstved,2016,5041
836,Guldborgsund,2016,5308
837,Vordingborg,2016,5240
838,Bornholm,2016,5377
839,Middelfart,2016,4821
840,Assens,2016,4873
841,Faaborg-Midtfyn,2016,5005
842,Kerteminde,2016,5124
843,Nyborg,2016,4827
844,Odense,2016,4579
845,Svendborg,2016,4921
846,Nordfyns,2016,4978
847,Langeland,2016,5900
848,Ærø,2016,5030
849,Haderslev,2016,4844
850,Billund,2016,5068
851,Sønderborg,2016,5183
852,Tønder,2016,5198
853,Esbjerg,2016,5187
854,Fanø,2016,6179
855,Varde,2016,4971
856,Vejen,2016,4797
857,Aabenraa,2016,5274
858,Fredericia,2016,5143
859,Horsens,2016,4746
860,Kolding,2016,4765
861,Vejle,2016,4623
862,Herning,2016,4306
863,Holstebro,2016,4826
864,Lemvig,2016,5099
865,Struer,2016,5066
866,Syddjurs,2016,5411
867,Norddjurs,2016,5344
868,Favrskov,2016,4365
869,Odder,2016,4428
870,Randers,2016,4995
871,Silkeborg,2016,4756
872,Samsø,2016,5170
873,Skanderborg,2016,4401
874,Aarhus,2016,4234
875,Ikast-Brande,2016,4397
876,Ringkøbing-Skjern,2016,4622
877,Hedensted,2016,4387
878,Morsø,2016,4982
879,Skive,2016,4923
880,Thisted,2016,4957
881,Viborg,2016,4815
882,Brønderslev,2016,4512
883,Frederikshavn,2016,4875
884,Vesthimmerlands,2016,4767
885,Læsø,2016,4938
886,Rebild,2016,4468
887,Mariagerfjord,2016,4626
888,Jammerbugt,2016,4753
889,Aalborg,2016,4241
890,Hjørring,2016,4864
891,Hele landet,2017,4834
892,København,2017,4637
893,Frederiksberg,2017,4655
894,Ballerup,2017,6292
895,Brøndby,2017,5859
896,Dragør,2017,4690
897,Gentofte,2017,4689
898,Gladsaxe,2017,5372
899,Glostrup,2017,5392
900,Herlev,2017,5511
901,Albertslund,2017,5182
902,Hvidovre,2017,5255
903,Høje-Taastrup,2017,5377
904,Lyngby-Taarbæk,2017,4936
905,Rødovre,2017,5366
906,Ishøj,2017,5487
907,Tårnby,2017,5051
908,Vallensbæk,2017,5022
909,Furesø,2017,4811
910,Allerød,2017,4492
911,Fredensborg,2017,4790
912,Helsingør,2017,5253
913,Hillerød,2017,5048
914,Hørsholm,2017,5409
915,Rudersdal,2017,4970
916,Egedal,2017,4613
917,Frederikssund,2017,5277
918,Greve,2017,4578
919,Køge,2017,4663
920,Halsnæs,2017,5786
921,Roskilde,2017,4838
922,Solrød,2017,4615
923,Gribskov,2017,5278
924,Odsherred,2017,5335
925,Holbæk,2017,4678
926,Faxe,2017,5110
927,Kalundborg,2017,4775
928,Ringsted,2017,5024
929,Slagelse,2017,5054
930,Stevns,2017,4794
931,Sorø,2017,4946
932,Lejre,2017,4934
933,Lolland,2017,6295
934,Næstved,2017,4881
935,Guldborgsund,2017,5143
936,Vordingborg,2017,5276
937,Bornholm,2017,5060
938,Middelfart,2017,4940
939,Assens,2017,4882
940,Faaborg-Midtfyn,2017,5119
941,Kerteminde,2017,5191
942,Nyborg,2017,4960
943,Odense,2017,4582
944,Svendborg,2017,4883
945,Nordfyns,2017,5155
946,Langeland,2017,5885
947,Ærø,2017,5139
948,Haderslev,2017,4928
949,Billund,2017,4974
950,Sønderborg,2017,5332
951,Tønder,2017,5160
952,Esbjerg,2017,5206
953,Fanø,2017,6280
954,Varde,2017,4851
955,Vejen,2017,4875
956,Aabenraa,2017,5379
957,Fredericia,2017,4982
958,Horsens,2017,4766
959,Kolding,2017,4781
960,Vejle,2017,4567
961,Herning,2017,4210
962,Holstebro,2017,4601
963,Lemvig,2017,4921
964,Struer,2017,5021
965,Syddjurs,2017,5648
966,Norddjurs,2017,5299
967,Favrskov,2017,4379
968,Odder,2017,4462
969,Randers,2017,5044
970,Silkeborg,2017,4662
971,Samsø,2017,5025
972,Skanderborg,2017,4391
973,Aarhus,2017,4194
974,Ikast-Brande,2017,4447
975,Ringkøbing-Skjern,2017,4492
976,Hedensted,2017,4308
977,Morsø,2017,4848
978,Skive,2017,4848
979,Thisted,2017,4786
980,Viborg,2017,4758
981,Brønderslev,2017,4561
982,Frederikshavn,2017,4881
983,Vesthimmerlands,2017,4847
984,Læsø,2017,4210
985,Rebild,2017,4510
986,Mariagerfjord,2017,4654
987,Jammerbugt,2017,4823
988,Aalborg,2017,4263
989,Hjørring,2017,4898
990,Hele landet,2018,5289
991,København,2018,4779
992,Frederiksberg,2018,5532
993,Ballerup,2018,6262
994,Brøndby,2018,6397
995,Dragør,2018,6007
996,Gentofte,2018,5828
997,Gladsaxe,2018,5793
998,Glostrup,2018,6275
999,Herlev,2018,5768
1000,Albertslund,2018,5995
1001,Hvidovre,2018,5770
1002,Høje-Taastrup,2018,5588
1003,Lyngby-Taarbæk,2018,5875
1004,Rødovre,2018,5894
1005,Ishøj,2018,6319
1006,Tårnby,2018,5540
1007,Vallensbæk,2018,5598
1008,Furesø,2018,5605
1009,Allerød,2018,4921
1010,Fredensborg,2018,5379
1011,Helsingør,2018,5818
1012,Hillerød,2018,5708
1013,Hørsholm,2018,6770
1014,Rudersdal,2018,6047
1015,Egedal,2018,5072
1016,Frederikssund,2018,5982
1017,Greve,2018,4948
1018,Køge,2018,4980
1019,Halsnæs,2018,6381
1020,Roskilde,2018,5054
1021,Solrød,2018,4742
1022,Gribskov,2018,6376
1023,Odsherred,2018,6048
1024,Holbæk,2018,4895
1025,Faxe,2018,5210
1026,Kalundborg,2018,5203
1027,Ringsted,2018,5203
1028,Slagelse,2018,5292
1029,Stevns,2018,5358
1030,Sorø,2018,5352
1031,Lejre,2018,5324
1032,Lolland,2018,6912
1033,Næstved,2018,5172
1034,Guldborgsund,2018,5737
1035,Vordingborg,2018,5806
1036,Bornholm,2018,6058
1037,Middelfart,2018,5503
1038,Assens,2018,5791
1039,Faaborg-Midtfyn,2018,5837
1040,Kerteminde,2018,6001
1041,Nyborg,2018,5907
1042,Odense,2018,5188
1043,Svendborg,2018,5641
1044,Nordfyns,2018,6053
1045,Langeland,2018,7135
1046,Ærø,2018,6629
1047,Haderslev,2018,5472
1048,Billund,2018,5407
1049,Sønderborg,2018,6006
1050,Tønder,2018,5686
1051,Esbjerg,2018,5784
1052,Fanø,2018,7273
1053,Varde,2018,5650
1054,Vejen,2018,5367
1055,Aabenraa,2018,5807
1056,Fredericia,2018,5455
1057,Horsens,2018,5003
1058,Kolding,2018,5142
1059,Vejle,2018,5110
1060,Herning,2018,4544
1061,Holstebro,2018,4962
1062,Lemvig,2018,5593
1063,Struer,2018,5129
1064,Syddjurs,2018,5920
1065,Norddjurs,2018,5647
1066,Favrskov,2018,4617
1067,Odder,2018,4817
1068,Randers,2018,5201
1069,Silkeborg,2018,4945
1070,Samsø,2018,6138
1071,Skanderborg,2018,4654
1072,Aarhus,2018,4308
1073,Ikast-Brande,2018,4960
1074,Ringkøbing-Skjern,2018,4955
1075,Hedensted,2018,4745
1076,Morsø,2018,5416
1077,Skive,2018,5422
1078,Thisted,2018,5296
1079,Viborg,2018,5068
1080,Brønderslev,2018,5088
1081,Frederikshavn,2018,5625
1082,Vesthimmerlands,2018,5298
1083,Læsø,2018,6159
1084,Rebild,2018,4970
1085,Mariagerfjord,2018,5298
1086,Jammerbugt,2018,5269
1087,Aalborg,2018,4637
1088,Hjørring,2018,5635
1089,Hele landet,2019,5296
1090,København,2019,4598
1091,Frederiksberg,2019,5608
1092,Ballerup,2019,6366
1093,Brøndby,2019,6655
1094,Dragør,2019,5811
1095,Gentofte,2019,5457
1096,Gladsaxe,2019,5710
1097,Glostrup,2019,5582
1098,Herlev,2019,5854
1099,Albertslund,2019,5869
1100,Hvidovre,2019,5686
1101,Høje-Taastrup,2019,5482
1102,Lyngby-Taarbæk,2019,5329
1103,Rødovre,2019,5870
1104,Ishøj,2019,5943
1105,Tårnby,2019,5603
1106,Vallensbæk,2019,5374
1107,Furesø,2019,5597
1108,Allerød,2019,5015
1109,Fredensborg,2019,4995
1110,Helsingør,2019,5686
1111,Hillerød,2019,5187
1112,Hørsholm,2019,6536
1113,Rudersdal,2019,6044
1114,Egedal,2019,4956
1115,Frederikssund,2019,5588
1116,Greve,2019,5022
1117,Køge,2019,5194
1118,Halsnæs,2019,6348
1119,Roskilde,2019,5204
1120,Solrød,2019,4854
1121,Gribskov,2019,5834
1122,Odsherred,2019,6007
1123,Holbæk,2019,5093
1124,Faxe,2019,5082
1125,Kalundborg,2019,5163
1126,Ringsted,2019,5107
1127,Slagelse,2019,5373
1128,Stevns,2019,4909
1129,Sorø,2019,5318
1130,Lejre,2019,5434
1131,Lolland,2019,6490
1132,Næstved,2019,5344
1133,Guldborgsund,2019,6026
1134,Vordingborg,2019,5731
1135,Bornholm,2019,6156
1136,Middelfart,2019,5514
1137,Assens,2019,5759
1138,Faaborg-Midtfyn,2019,5884
1139,Kerteminde,2019,6065
1140,Nyborg,2019,5694
1141,Odense,2019,5290
1142,Svendborg,2019,5371
1143,Nordfyns,2019,6178
1144,Langeland,2019,7102
1145,Ærø,2019,6872
1146,Haderslev,2019,5665
1147,Billund,2019,5499
1148,Sønderborg,2019,6141
1149,Tønder,2019,5951
1150,Esbjerg,2019,5964
1151,Fanø,2019,7551
1152,Varde,2019,5667
1153,Vejen,2019,5571
1154,Aabenraa,2019,5827
1155,Fredericia,2019,5672
1156,Horsens,2019,4898
1157,Kolding,2019,5350
1158,Vejle,2019,5123
1159,Herning,2019,4437
1160,Holstebro,2019,5141
1161,Lemvig,2019,5902
1162,Struer,2019,5584
1163,Syddjurs,2019,6336
1164,Norddjurs,2019,5535
1165,Favrskov,2019,4677
1166,Odder,2019,4747
1167,Randers,2019,5355
1168,Silkeborg,2019,4876
1169,Samsø,2019,6005
1170,Skanderborg,2019,4800
1171,Aarhus,2019,4776
1172,Ikast-Brande,2019,4974
1173,Ringkøbing-Skjern,2019,5107
1174,Hedensted,2019,4492
1175,Morsø,2019,5091
1176,Skive,2019,5676
1177,Thisted,2019,5542
1178,Viborg,2019,4966
1179,Brønderslev,2019,5169
1180,Frederikshavn,2019,5825
1181,Vesthimmerlands,2019,5356
1182,Læsø,2019,5542
1183,Rebild,2019,4766
1184,Mariagerfjord,2019,5482
1185,Jammerbugt,2019,5433
1186,Aalborg,2019,4501
1187,Hjørring,2019,5646
1188,Hele landet,2020,5449
1189,København,2020,4988
1190,Frederiksberg,2020,5624
1191,Ballerup,2020,6165
1192,Brøndby,2020,6578
1193,Dragør,2020,5565
1194,Gentofte,2020,5867
1195,Gladsaxe,2020,6105
1196,Glostrup,2020,5905
1197,Herlev,2020,5934
1198,Albertslund,2020,6000
1199,Hvidovre,2020,5955
1200,Høje-Taastrup,2020,5378
1201,Lyngby-Taarbæk,2020,5794
1202,Rødovre,2020,5896
1203,Ishøj,2020,5992
1204,Tårnby,2020,5615
1205,Vallensbæk,2020,5690
1206,Furesø,2020,5774
1207,Allerød,2020,5195
1208,Fredensborg,2020,5300
1209,Helsingør,2020,5776
1210,Hillerød,2020,5607
1211,Hørsholm,2020,6097
1212,Rudersdal,2020,6030
1213,Egedal,2020,5005
1214,Frederikssund,2020,5837
1215,Greve,2020,5363
1216,Køge,2020,5226
1217,Halsnæs,2020,6397
1218,Roskilde,2020,5313
1219,Solrød,2020,5185
1220,Gribskov,2020,6544
1221,Odsherred,2020,6081
1222,Holbæk,2020,5297
1223,Faxe,2020,5444
1224,Kalundborg,2020,5400
1225,Ringsted,2020,5530
1226,Slagelse,2020,5396
1227,Stevns,2020,5149
1228,Sorø,2020,5340
1229,Lejre,2020,5457
1230,Lolland,2020,7167
1231,Næstved,2020,5492
1232,Guldborgsund,2020,6218
1233,Vordingborg,2020,6048
1234,Bornholm,2020,6417
1235,Middelfart,2020,5530
1236,Assens,2020,5847
1237,Faaborg-Midtfyn,2020,5820
1238,Kerteminde,2020,6244
1239,Nyborg,2020,5911
1240,Odense,2020,5432
1241,Svendborg,2020,5491
1242,Nordfyns,2020,6584
1243,Langeland,2020,7601
1244,Ærø,2020,7224
1245,Haderslev,2020,5811
1246,Billund,2020,5685
1247,Sønderborg,2020,6250
1248,Tønder,2020,6027
1249,Esbjerg,2020,5871
1250,Fanø,2020,7416
1251,Varde,2020,5648
1252,Vejen,2020,5654
1253,Aabenraa,2020,6019
1254,Fredericia,2020,5701
1255,Horsens,2020,5038
1256,Kolding,2020,5390
1257,Vejle,2020,5305
1258,Herning,2020,4625
1259,Holstebro,2020,5294
1260,Lemvig,2020,6101
1261,Struer,2020,5873
1262,Syddjurs,2020,6024
1263,Norddjurs,2020,5816
1264,Favrskov,2020,4843
1265,Odder,2020,5233
1266,Randers,2020,5385
1267,Silkeborg,2020,4650
1268,Samsø,2020,6320
1269,Skanderborg,2020,4765
1270,Aarhus,2020,4695
1271,Ikast-Brande,2020,4998
1272,Ringkøbing-Skjern,2020,5228
1273,Hedensted,2020,4905
1274,Morsø,2020,5344
1275,Skive,2020,5698
1276,Thisted,2020,5655
1277,Viborg,2020,5267
1278,Brønderslev,2020,5217
1279,Frederikshavn,2020,5881
1280,Vesthimmerlands,2020,5567
1281,Læsø,2020,6145
1282,Rebild,2020,5161
1283,Mariagerfjord,2020,5579
1284,Jammerbugt,2020,5645
1285,Aalborg,2020,4696
1286,Hjørring,2020,5777
1287,Hele landet,2021,5597
1288,København,2021,5199
1289,Frederiksberg,2021,5808
1290,Ballerup,2021,6214
1291,Brøndby,2021,6982
1292,Dragør,2021,5763
1293,Gentofte,2021,6137
1294,Gladsaxe,2021,6447
1295,Glostrup,2021,6050
1296,Herlev,2021,6208
1297,Albertslund,2021,5958
1298,Hvidovre,2021,5996
1299,Høje-Taastrup,2021,5580
1300,Lyngby-Taarbæk,2021,5968
1301,Rødovre,2021,6030
1302,Ishøj,2021,6030
1303,Tårnby,2021,5774
1304,Vallensbæk,2021,6014
1305,Furesø,2021,5834
1306,Allerød,2021,5174
1307,Fredensborg,2021,5820
1308,Helsingør,2021,5959
1309,Hillerød,2021,5724
1310,Hørsholm,2021,6105
1311,Rudersdal,2021,6338
1312,Egedal,2021,5086
1313,Frederikssund,2021,6050
1314,Greve,2021,5369
1315,Køge,2021,5322
1316,Halsnæs,2021,6637
1317,Roskilde,2021,5295
1318,Solrød,2021,5195
1319,Gribskov,2021,5776
1320,Odsherred,2021,6282
1321,Holbæk,2021,5415
1322,Faxe,2021,5379
1323,Kalundborg,2021,5487
1324,Ringsted,2021,5452
1325,Slagelse,2021,5547
1326,Stevns,2021,5299
1327,Sorø,2021,5707
1328,Lejre,2021,5546
1329,Lolland,2021,7280
1330,Næstved,2021,5646
1331,Guldborgsund,2021,6391
1332,Vordingborg,2021,6206
1333,Bornholm,2021,6358
1334,Middelfart,2021,5766
1335,Assens,2021,6218
1336,Faaborg-Midtfyn,2021,5922
1337,Kerteminde,2021,6611
1338,Nyborg,2021,6132
1339,Odense,2021,5585
1340,Svendborg,2021,5639
1341,Nordfyns,2021,6818
1342,Langeland,2021,7742
1343,Ærø,2021,7382
1344,Haderslev,2021,6006
1345,Billund,2021,5865
1346,Sønderborg,2021,6632
1347,Tønder,2021,6432
1348,Esbjerg,2021,6111
1349,Fanø,2021,7818
1350,Varde,2021,5908
1351,Vejen,2021,5991
1352,Aabenraa,2021,6130
1353,Fredericia,2021,5784
1354,Horsens,2021,5037
1355,Kolding,2021,5462
1356,Vejle,2021,5496
1357,Herning,2021,4807
1358,Holstebro,2021,5366
1359,Lemvig,2021,6385
1360,Struer,2021,5854
1361,Syddjurs,2021,5584
1362,Norddjurs,2021,5843
1363,Favrskov,2021,4953
1364,Odder,2021,5422
1365,Randers,2021,5421
1366,Silkeborg,2021,4940
1367,Samsø,2021,6908
1368,Skanderborg,2021,4854
1369,Aarhus,2021,4903
1370,Ikast-Brande,2021,5171
1371,Ringkøbing-Skjern,2021,5344
1372,Hedensted,2021,5126
1373,Morsø,2021,5520
1374,Skive,2021,5888
1375,Thisted,2021,5704
1376,Viborg,2021,5437
1377,Brønderslev,2021,5344
1378,Frederikshavn,2021,6068
1379,Vesthimmerlands,2021,5637
1380,Læsø,2021,6020
1381,Rebild,2021,5169
1382,Mariagerfjord,2021,5840
1383,Jammerbugt,2021,5756
1384,Aalborg,2021,4707
1385,Hjørring,2021,5978
